{
  "IcoMoonType": "selection",
  "icons": [
    {
      "icon": {
        "paths": [
          "M0 512h597504"
        ],
        "attrs": [
          {
            "fill": "none",
            "stroke": "rgb(225, 225, 225)",
            "strokeLinejoin": "miter",
            "strokeLinecap": "butt",
            "strokeMiterlimit": "4",
            "strokeWidth": 512
          }
        ],
        "width": 597504,
        "isMulticolor": false,
        "isMulticolor2": false,
        "grid": 0,
        "tags": [
          "footerline"
        ],
        "colorPermutations": {
          "21220671225225225125416518712552552551": [
            {
              "s": 2
            }
          ]
        }
      },
      "attrs": [
        {
          "fill": "none",
          "stroke": "rgb(225, 225, 225)",
          "strokeLinejoin": "miter",
          "strokeLinecap": "butt",
          "strokeMiterlimit": "4",
          "strokeWidth": 512
        }
      ],
      "properties": {
        "order": 42,
        "id": 20,
        "name": "footerline",
        "prevSize": 32
      },
      "setIdx": 0,
      "setId": 2,
      "iconIdx": 0
    },
    {
      "icon": {
        "paths": [
          "M512 1024c282.769 0 512-229.231 512-512 0-282.77-229.231-512-512-512-282.77 0-512 229.23-512 512 0 282.769 229.23 512 512 512z",
          "M654.261 511.41h-83.525v307.793h-126.548v-307.793h-60.187v-108.171h60.187v-69.999c0-50.055 23.639-128.438 127.675-128.438l93.738 0.395v104.998h-68.015c-11.156 0-26.841 5.608-26.841 29.485v63.663h94.572l-11.056 108.068z"
        ],
        "attrs": [
          {
            "fill": "rgb(254, 165, 187)"
          },
          {
            "fill": "rgb(255, 255, 255)"
          }
        ],
        "isMulticolor": true,
        "isMulticolor2": false,
        "grid": 0,
        "tags": [
          "facebook"
        ],
        "colorPermutations": {
          "21220671225225225125416518712552552551": [
            {
              "f": 1
            },
            {
              "f": 3
            }
          ]
        }
      },
      "attrs": [
        {
          "fill": "rgb(254, 165, 187)"
        },
        {
          "fill": "rgb(255, 255, 255)"
        }
      ],
      "properties": {
        "order": 40,
        "id": 19,
        "name": "facebook",
        "prevSize": 32
      },
      "setIdx": 0,
      "setId": 2,
      "iconIdx": 1
    },
    {
      "icon": {
        "paths": [
          "M1024 512c0 282.77-229.23 512-512 512s-512-229.23-512-512c0-282.77 229.23-512 512-512s512 229.23 512 512z",
          "M411.753 588.011l-10.162 133.421c14.541 0 20.838-5.831 28.392-12.83l68.174-60.808 141.264 96.551c25.907 13.475 44.162 6.379 51.149-22.245l92.75-405.54c8.219-35.743-13.848-49.721-39.090-40.952l-545.038 194.754c-37.198 13.475-36.635 32.828-6.323 41.598l139.343 40.451 323.668-189.018c15.234-9.415 29.085-4.207 17.691 5.207l-261.819 219.41z"
        ],
        "attrs": [
          {
            "fill": "rgb(254, 165, 187)"
          },
          {
            "fill": "rgb(255, 255, 255)"
          }
        ],
        "isMulticolor": true,
        "isMulticolor2": false,
        "grid": 0,
        "tags": [
          "telegram"
        ],
        "colorPermutations": {
          "21220671225225225125416518712552552551": [
            {
              "f": 1
            },
            {
              "f": 3
            }
          ]
        }
      },
      "attrs": [
        {
          "fill": "rgb(254, 165, 187)"
        },
        {
          "fill": "rgb(255, 255, 255)"
        }
      ],
      "properties": {
        "order": 39,
        "id": 18,
        "name": "telegram",
        "prevSize": 32
      },
      "setIdx": 0,
      "setId": 2,
      "iconIdx": 2
    },
    {
      "icon": {
        "paths": [
          "M1024 512c0 282.77-229.23 512-512 512s-512-229.23-512-512c0-282.77 229.23-512 512-512s512 229.23 512 512z",
          "M512 210.824c-165.424 0-301.176 135.752-301.176 301.176 0 141.161 99.054 269.393 230.587 301.176v-99.641c-13.032 2.852-25.025 2.936-38.295-0.976-17.797-5.253-32.259-17.107-42.996-35.186-6.843-11.544-18.971-24.064-31.621-23.145l-3.102-35.156c27.356-2.343 51.025 16.67 65.072 40.273 6.24 10.496 13.423 16.649 22.642 19.369 8.912 2.626 18.48 1.364 29.627-2.572 2.801-22.32 13.026-30.675 20.751-42.442v-0.018c-78.447-11.701-109.71-53.317-122.118-86.167-16.444-43.616-7.62-98.105 21.456-132.542 0.566-0.672 1.584-2.427 1.19-3.653-13.33-40.27 2.915-73.583 3.512-77.119 15.387 4.551 17.887-4.578 66.834 25.16l8.46 5.084c3.539 2.108 2.427 0.907 5.966 0.638 20.435-5.551 41.978-8.617 63.205-8.891 21.39 0.274 42.794 3.34 64.078 9.117l2.738 0.274c-0.238-0.036 0.744-0.172 2.394-1.157 61.145-37.036 58.949-24.931 75.345-30.262 0.593 3.539 16.622 37.394 3.433 77.155-1.78 5.478 53.010 55.648 22.642 136.18-12.408 32.864-43.668 74.481-122.115 86.182v0.018c10.056 15.327 22.136 23.48 22.073 55.097v124.38c131.539-31.783 230.587-160.015 230.587-301.176 0.006-165.424-135.746-301.176-301.17-301.176v0z"
        ],
        "attrs": [
          {
            "fill": "rgb(254, 165, 187)"
          },
          {
            "fill": "rgb(255, 255, 255)"
          }
        ],
        "isMulticolor": true,
        "isMulticolor2": false,
        "grid": 0,
        "tags": [
          "github"
        ],
        "colorPermutations": {
          "21220671225225225125416518712552552551": [
            {
              "f": 1
            },
            {
              "f": 3
            }
          ]
        }
      },
      "attrs": [
        {
          "fill": "rgb(254, 165, 187)"
        },
        {
          "fill": "rgb(255, 255, 255)"
        }
      ],
      "properties": {
        "order": 38,
        "id": 17,
        "name": "github",
        "prevSize": 32
      },
      "setIdx": 0,
      "setId": 2,
      "iconIdx": 3
    },
    {
      "icon": {
        "paths": [
          "M1024.458 0c61.714 0 120 16.651 174.856 49.951 54.858 33.301 99.428 81.171 133.714 143.61 32.914 62.439 49.372 135.977 49.372 220.619 0 84.639-20.572 167.196-61.714 247.675-13.714 29.138-38.4 66.601-74.058 112.389-37.028 45.788-71.314 85.332-102.856 118.633l-129.6 131.123-92.572-154.017c64.458-40.238 121.372-90.189 170.742-149.852 49.372-58.276 74.058-111.698 74.058-160.261 0-24.975-5.486-45.094-16.458-60.357-48 34.688-101.484 52.032-160.456 52.032-42.514 0-82.972-13.181-121.372-39.544-39.772-24.975-71.314-58.276-94.628-99.901-24.686-40.241-37.028-81.866-37.028-124.879 0-48.563 14.4-95.046 43.2-139.447 27.428-44.401 63.77-80.477 109.028-108.228 43.886-26.363 89.142-39.545 135.772-39.545zM285.942 0c61.716 0 120 16.65 174.858 49.951s99.428 81.171 133.714 143.61c32.914 62.439 49.372 135.977 49.372 220.619 0 59.663-7.544 113.083-22.628 160.259-15.086 48.563-41.144 99.21-78.172 151.936-35.658 49.951-69.258 91.576-100.8 124.877-31.544 34.688-86.4 92.273-164.572 172.749l-92.571-154.017c64.457-40.238 121.371-90.189 170.743-149.852 49.372-58.276 74.056-111.698 74.056-160.261 0-24.975-5.484-45.094-16.456-60.357-48 34.688-101.486 52.032-160.457 52.032-42.514 0-82.972-13.181-121.372-39.544-39.771-24.975-71.314-58.276-94.628-99.901-24.686-40.241-37.029-81.866-37.029-124.879 0-48.563 13.714-95.046 41.143-139.447s63.771-80.477 109.029-108.228c43.886-26.363 89.143-39.545 135.77-39.545z"
        ],
        "attrs": [
          {
            "fill": "rgb(225, 225, 225)"
          }
        ],
        "width": 1382,
        "isMulticolor": false,
        "isMulticolor2": false,
        "grid": 0,
        "tags": [
          "“"
        ],
        "colorPermutations": {
          "21220671225225225125416518712552552551": [
            {
              "f": 2
            }
          ]
        }
      },
      "attrs": [
        {
          "fill": "rgb(225, 225, 225)"
        }
      ],
      "properties": {
        "order": 37,
        "id": 16,
        "name": "comma",
        "prevSize": 32
      },
      "setIdx": 0,
      "setId": 2,
      "iconIdx": 4
    },
    {
      "icon": {
        "paths": [
          "M0 512l420352-0.037"
        ],
        "attrs": [
          {
            "fill": "none",
            "stroke": "rgb(225, 225, 225)",
            "strokeLinejoin": "miter",
            "strokeLinecap": "butt",
            "strokeMiterlimit": "4",
            "strokeWidth": 512
          }
        ],
        "width": 420352,
        "isMulticolor": false,
        "isMulticolor2": false,
        "grid": 0,
        "tags": [
          "longline2"
        ],
        "colorPermutations": {
          "21220671225225225125416518712552552551": [
            {
              "s": 2
            }
          ]
        }
      },
      "attrs": [
        {
          "fill": "none",
          "stroke": "rgb(225, 225, 225)",
          "strokeLinejoin": "miter",
          "strokeLinecap": "butt",
          "strokeMiterlimit": "4",
          "strokeWidth": 512
        }
      ],
      "properties": {
        "order": 36,
        "id": 15,
        "name": "longline2",
        "prevSize": 32
      },
      "setIdx": 0,
      "setId": 2,
      "iconIdx": 5
    },
    {
      "icon": {
        "paths": [
          "M0 512l420352 0.036"
        ],
        "attrs": [
          {
            "fill": "none",
            "stroke": "rgb(225, 225, 225)",
            "strokeLinejoin": "miter",
            "strokeLinecap": "butt",
            "strokeMiterlimit": "4",
            "strokeWidth": 512
          }
        ],
        "width": 420352,
        "isMulticolor": false,
        "isMulticolor2": false,
        "grid": 0,
        "tags": [
          "longline1"
        ],
        "colorPermutations": {
          "21220671225225225125416518712552552551": [
            {
              "s": 2
            }
          ]
        }
      },
      "attrs": [
        {
          "fill": "none",
          "stroke": "rgb(225, 225, 225)",
          "strokeLinejoin": "miter",
          "strokeLinecap": "butt",
          "strokeMiterlimit": "4",
          "strokeWidth": 512
        }
      ],
      "properties": {
        "order": 35,
        "id": 14,
        "name": "longline1",
        "prevSize": 32
      },
      "setIdx": 0,
      "setId": 2,
      "iconIdx": 6
    },
    {
      "icon": {
        "paths": [
          "M0 512h147456"
        ],
        "attrs": [
          {
            "fill": "none",
            "stroke": "rgb(225, 225, 225)",
            "strokeLinejoin": "miter",
            "strokeLinecap": "butt",
            "strokeMiterlimit": "4",
            "strokeWidth": 512
          }
        ],
        "width": 147456,
        "isMulticolor": false,
        "isMulticolor2": false,
        "grid": 0,
        "tags": [
          "line"
        ],
        "colorPermutations": {
          "21220671225225225125416518712552552551": [
            {
              "s": 2
            }
          ]
        }
      },
      "attrs": [
        {
          "fill": "none",
          "stroke": "rgb(225, 225, 225)",
          "strokeLinejoin": "miter",
          "strokeLinecap": "butt",
          "strokeMiterlimit": "4",
          "strokeWidth": 512
        }
      ],
      "properties": {
        "order": 34,
        "id": 13,
        "name": "line",
        "prevSize": 32
      },
      "setIdx": 0,
      "setId": 2,
      "iconIdx": 7
    },
    {
      "icon": {
        "paths": [
          "M1003.52 522.24c0 277.114-220.061 501.76-491.52 501.76s-491.52-224.646-491.52-501.76c0-277.114 220.061-501.76 491.52-501.76s491.52 224.646 491.52 501.76z",
          "M379.175 17.97c-236.985 71.762-379.175 258.344-379.175 494.134 0 192.733 98.915 360.862 261.714 444.926 84.488 43.057 96.854 12.302 18.545-47.159-55.638-45.107-65.942-65.61-65.942-141.474 0-53.309-12.365-96.367-30.912-112.769-37.093-30.755-41.215-110.719-4.122-139.424 14.425-12.302 28.851-53.309 30.911-90.214 10.303-135.324 156.617-262.445 302.928-262.445s292.624 127.121 302.928 262.445c2.060 36.905 16.484 77.912 30.91 90.214 37.093 28.705 32.971 108.669-4.121 139.424-18.547 16.402-30.913 59.46-30.913 112.769 0 75.864-10.303 96.367-65.944 141.474-86.551 67.662-61.821 92.266 35.033 32.807 136.008-84.064 236.984-266.545 236.984-428.524 0-323.955-337.961-586.399-638.826-496.184z",
          "M405.965 255.812c-37.093 16.402-68.004 36.905-68.004 49.207 0 22.555 111.278 63.562 175.161 63.562s175.161-41.007 175.161-63.562c0-24.605-127.764-79.964-179.284-79.964-20.607 2.052-68.004 14.352-103.035 30.757z",
          "M1467.238 362.43c-30.91 8.2-37.093 34.855-37.093 182.481v172.229h146.311l-6.181-178.381c-6.183-186.581-14.426-200.933-103.037-176.329z",
          "M1708.343 372.683c-68.004 36.907-92.733 82.014-92.733 170.179 0 120.971 65.944 178.381 187.527 170.179 82.428-6.15 90.671-12.302 96.854-63.56 6.183-51.259 2.060-55.359-61.823-51.259-65.942 6.152-68.004 2.050-68.004-65.612 0-67.66 4.123-71.762 63.883-65.61 49.457 4.1 68.004-4.1 76.247-34.857 4.121-20.503 0-49.207-12.364-61.51-28.85-28.705-136.010-28.705-189.587 2.050z",
          "M1953.571 374.729c-6.183 16.402-8.243 96.367-4.121 180.431l6.181 151.726h133.943c123.658 0 133.96-4.102 140.124-47.159 6.185-38.955-2.048-45.107-65.925-45.107-41.226 0-74.199-10.252-74.199-20.503 0-12.302 28.856-20.505 61.829-20.505 47.391 0 61.829-8.2 61.829-41.007 0-32.805-14.438-41.007-61.829-41.007-32.973 0-61.829-10.25-61.829-20.503 0-12.302 26.788-20.505 59.761-20.505 57.713 0 96.85-45.107 72.131-84.064-18.555-30.755-255.531-22.553-267.895 8.202z",
          "M2367.775 368.581c-67.994 26.655-94.781 73.812-96.85 159.926-2.068 147.626 57.692 198.885 212.255 184.533 59.761-4.102 70.062-14.352 70.062-57.41 0-45.109-8.233-51.259-65.946-45.109-49.459 4.102-67.994-2.050-78.295-34.855-18.555-63.562 20.603-114.819 86.548-114.819 39.158 0 59.761-12.302 63.877-38.957 14.418-65.612-90.665-96.367-191.652-53.309z",
          "M2621.256 360.378c-10.322 8.202-16.486 92.266-16.486 186.583v172.229l65.925-6.15c51.528-4.102 70.083-18.455 80.384-57.412l12.349-51.257 16.486 55.359c12.37 47.157 26.788 57.41 80.384 57.41 88.596 0 98.898-14.352 61.809-86.114-22.671-45.109-26.788-67.662-10.301-84.064 26.788-26.655 28.856-116.871 4.116-155.826-20.603-32.807-267.878-59.462-294.666-30.757zM2790.216 471.097c0 22.555-8.233 41.007-20.603 41.007-10.301 0-20.603-18.452-20.603-41.007 0-22.553 10.301-41.007 20.603-41.007 12.37 0 20.603 18.455 20.603 41.007z",
          "M2990.121 362.43c-8.253 6.15-14.418 90.214-14.418 184.531v170.179h133.939c129.823 0 133.939-2.050 133.939-51.259 0-43.057-10.301-51.257-61.809-51.257-32.973 0-61.829-10.252-61.829-20.505 0-12.302 22.671-20.503 51.528-20.503 37.089 0 51.507-10.252 51.507-41.007s-14.418-41.007-51.507-41.007c-28.856 0-51.528-10.252-51.528-20.505 0-12.3 28.856-20.503 61.829-20.503 51.507 0 61.809-8.202 61.809-51.259 0-49.207-6.164-51.257-119.521-51.257-65.946 0-127.754 6.15-133.939 14.352z",
          "M3406.397 360.385c-37.11 10.25-131.891 282.948-113.357 328.055 16.486 41.007 109.22 36.907 133.96-6.15 18.534-34.857 20.603-34.857 57.692 0 47.411 41.007 150.446 47.157 150.446 8.2 0-12.302-20.623-94.317-47.411-178.381-41.206-135.322-53.576-153.776-96.85-157.876-28.856 0-65.946 2.050-84.48 6.152zM3464.090 546.966c-6.185 20.503-10.301 8.202-10.301-24.605 0-34.855 4.116-49.207 10.301-36.905 4.116 14.352 4.116 43.057 0 61.51z",
          "M3703.132 362.43c-18.555 6.15-26.788 63.56-26.788 182.481v172.229h59.761c51.507 0 61.809-10.252 70.062-57.41 8.233-53.309 8.233-53.309 24.719-10.252 8.253 26.655 28.856 47.159 43.274 47.159 16.486 0 39.158-20.505 49.459-47.159 16.486-43.057 18.555-43.057 18.555 12.302 2.068 51.259 8.233 57.41 65.946 51.259l63.877-6.152 2.068-170.179c4.116-157.876 2.048-170.179-41.226-180.431-65.946-16.402-121.569 22.555-140.124 98.417l-14.418 67.662-22.671-71.762c-28.856-96.367-72.131-120.971-152.494-88.164z",
          "M288.5 382.931c-6.183 8.202-12.364 34.857-12.364 61.512 0 47.157 2.060 47.157 236.982 47.157 234.924 0 236.984 0 236.984-47.157 0-69.712-18.547-77.914-84.49-45.109-74.185 38.957-230.801 38.957-304.988 0-32.971-16.402-63.881-22.553-72.124-16.402z",
          "M228.737 565.412c-32.971 34.857 22.669 49.209 183.407 49.209h173.101v71.762c0 38.957 10.303 71.762 20.607 71.762 12.364 0 20.607-30.755 20.607-69.712 0-67.662 4.123-71.762 82.43-77.914 45.337-4.1 82.43-16.402 82.43-26.653 0-22.555-539.912-41.007-562.582-18.455z",
          "M276.136 745.843c0 112.769 39.154 135.322 236.982 135.322 197.831 0 236.984-22.553 236.984-135.322 0-49.209-10.303-69.712-30.91-69.712-18.547 0-30.91 18.452-30.91 49.207 0 114.819-156.617 125.071-179.284 12.302-10.303-59.46-16.486-61.51-121.584-61.51h-111.278v69.712z",
          "M403.907 977.535c12.364 65.612 222.56 59.46 222.56-4.1 0-22.555-26.79-30.757-115.403-30.757-96.854 0-113.34 6.152-107.158 34.857z"
        ],
        "attrs": [
          {
            "fill": "rgb(255, 255, 255)"
          },
          {
            "fill": "rgb(212, 20, 67)"
          },
          {
            "fill": "rgb(212, 20, 67)"
          },
          {
            "fill": "rgb(212, 20, 67)"
          },
          {
            "fill": "rgb(212, 20, 67)"
          },
          {
            "fill": "rgb(212, 20, 67)"
          },
          {
            "fill": "rgb(212, 20, 67)"
          },
          {
            "fill": "rgb(212, 20, 67)"
          },
          {
            "fill": "rgb(212, 20, 67)"
          },
          {
            "fill": "rgb(212, 20, 67)"
          },
          {
            "fill": "rgb(212, 20, 67)"
          },
          {
            "fill": "rgb(212, 20, 67)"
          },
          {
            "fill": "rgb(212, 20, 67)"
          },
          {
            "fill": "rgb(212, 20, 67)"
          },
          {
            "fill": "rgb(212, 20, 67)"
          }
        ],
        "width": 4076,
        "isMulticolor": true,
        "isMulticolor2": false,
        "grid": 0,
        "tags": [
          "logo"
        ],
        "colorPermutations": {
          "21220671225225225125416518712552552551": [
            {
              "f": 3
            },
            {
              "f": 0
            },
            {
              "f": 0
            },
            {
              "f": 0
            },
            {
              "f": 0
            },
            {
              "f": 0
            },
            {
              "f": 0
            },
            {
              "f": 0
            },
            {
              "f": 0
            },
            {
              "f": 0
            },
            {
              "f": 0
            },
            {
              "f": 0
            },
            {
              "f": 0
            },
            {
              "f": 0
            },
            {
              "f": 0
            }
          ]
        }
      },
      "attrs": [
        {
          "fill": "rgb(255, 255, 255)"
        },
        {
          "fill": "rgb(212, 20, 67)"
        },
        {
          "fill": "rgb(212, 20, 67)"
        },
        {
          "fill": "rgb(212, 20, 67)"
        },
        {
          "fill": "rgb(212, 20, 67)"
        },
        {
          "fill": "rgb(212, 20, 67)"
        },
        {
          "fill": "rgb(212, 20, 67)"
        },
        {
          "fill": "rgb(212, 20, 67)"
        },
        {
          "fill": "rgb(212, 20, 67)"
        },
        {
          "fill": "rgb(212, 20, 67)"
        },
        {
          "fill": "rgb(212, 20, 67)"
        },
        {
          "fill": "rgb(212, 20, 67)"
        },
        {
          "fill": "rgb(212, 20, 67)"
        },
        {
          "fill": "rgb(212, 20, 67)"
        },
        {
          "fill": "rgb(212, 20, 67)"
        }
      ],
      "properties": {
        "order": 25,
        "id": 12,
        "name": "logo",
        "prevSize": 32
      },
      "setIdx": 0,
      "setId": 2,
      "iconIdx": 8
    },
    {
      "icon": {
        "paths": [
          "M1011.174 536.514c18.56-19.043 16.768-48.23-4.002-65.175l-457.642-373.526c-20.773-16.945-54.076-16.59-74.411 0.8l-459.194 392.642c-20.335 17.389-21.333 46.54-2.21 65.081l11.513 11.185c19.1 18.542 49.973 20.752 68.912 4.923l34.318-28.668v419.698c0 25.745 22.368 46.592 49.952 46.592h178.995c27.585 0 49.952-20.847 49.952-46.592v-293.62h228.31v293.62c-0.397 25.728 19.341 46.575 46.926 46.575h189.691c27.58 0 49.954-20.847 49.954-46.592v-413.772c0 0 9.481 7.747 21.171 17.334 11.674 9.568 36.19 1.897 54.75-17.166l13.013-13.338z"
        ],
        "attrs": [],
        "grid": 0,
        "tags": [
          "Frame1"
        ],
        "colorPermutations": {
          "21220671225225225125416518712552552551": []
        }
      },
      "attrs": [],
      "properties": {
        "order": 24,
        "id": 11,
        "name": "Frame1",
        "prevSize": 32
      },
      "setIdx": 0,
      "setId": 2,
      "iconIdx": 9
    },
    {
      "icon": {
        "paths": [
          "M1024 512c0 282.77-229.23 512-512 512s-512-229.23-512-512c0-282.77 229.23-512 512-512s512 229.23 512 512z"
        ],
        "attrs": [],
        "grid": 0,
        "tags": [
          "testimonial-circle"
        ],
        "colorPermutations": {
          "21220671225225225125416518712552552551": []
        }
      },
      "attrs": [],
      "properties": {
        "order": 23,
        "id": 10,
        "name": "testimonial-circle",
        "prevSize": 32
      },
      "setIdx": 0,
      "setId": 2,
      "iconIdx": 10
    },
    {
      "icon": {
        "paths": [
          "M4608 512c0 282.77-229.23 512-512 512s-512-229.23-512-512c0-282.77 229.23-512 512-512s512 229.23 512 512z",
          "M1024 512c0 282.77-229.23 512-512 512s-512-229.23-512-512c0-282.77 229.23-512 512-512s512 229.23 512 512z",
          "M8192 512c0 282.77-229.23 512-512 512s-512-229.23-512-512c0-282.77 229.23-512 512-512s512 229.23 512 512z"
        ],
        "attrs": [],
        "width": 8192,
        "grid": 0,
        "tags": [
          "Group8"
        ],
        "colorPermutations": {
          "21220671225225225125416518712552552551": []
        }
      },
      "attrs": [],
      "properties": {
        "order": 22,
        "id": 9,
        "name": "Group8",
        "prevSize": 32
      },
      "setIdx": 0,
      "setId": 2,
      "iconIdx": 11
    },
    {
      "icon": {
        "paths": [
          "M21.334 357.134l0.001 0.004c18.795 86.268 60.618 162.816 126.501 229.201 58.851 59.53 110.557 95.691 192.241 133.228 0.006 0.004 0.014 0.006 0.020 0.010l39.621 18.599v271.055h55.369v-252.841l5.102 1.489c7.335 2.101 18.137 2.101 25.472 0l0.026-0.006 5.077-1.483v252.841h55.369v-271.384l37.73-17.166c79.009-36.419 136.418-75.898 192.26-132.504l0.004-0.004c89.155-90.528 134.945-193.662 134.949-305.94 0.384-123.216-64.321-224.002-166.829-258.42-22.046-7.664-33.737-8.763-74.1-8.392M21.334 357.134l435.654-265.769-3.123-2.31M21.334 357.134c-4.273-19.667-6.466-46.543-6.561-72.82-0.095-26.238 1.898-52.34 6.197-70.432 23.126-102.034 94.188-177.576 186.231-196.873M21.334 357.134l185.867-340.124M650.145 15.422h0.002c0 0-0.002 0-0.002 0zM650.145 15.422c-21.049 0.185-34.245 0.644-46.222 2.358-12.034 1.721-22.688 4.687-38.662 9.686l-0.049 0.016c-38.004 12.334-75.384 31.801-100.24 52.219l-0.045 0.038-11.063 9.316M453.864 89.055l-17.371-12.841c-53.51-39.355-108.323-58.532-172.67-61.158l-0.035-0.002c-11.106-0.373-22.975-0.373-33.138-0.046-9.99 0.321-18.759 0.968-23.45 2.001M453.864 89.055l-246.664-72.045M421.092 135.471l-0.012-0.012c-7.603-7.226-21.4-17.175-36.496-26.637-15.043-9.429-30.974-18.122-42.744-22.962-11.093-4.315-32.384-10.499-48.006-13.397-63.193-11.579-111.675 0.712-154.403 38.728l-0.032 0.028c-9.032 7.896-18.594 18.286-25.454 26.995-3.293 4.182-5.857 7.842-7.431 10.565 2.061 0.38 4.693 0.852 7.781 1.393 7.609 1.334 17.919 3.084 29.090 4.928 39.393 6.145 69.95 14.382 102.696 30.159 32.646 15.728 67.291 38.867 114.954 74.549l0.047 0.035c19.35 14.856 52.015 33.888 84.831 49.313h0.002l0.083 0.039c14.641 7.221 28.739 14.454 39.623 20.358 5.437 2.948 10.112 5.587 13.668 7.739 1.776 1.073 3.316 2.054 4.551 2.909 1.128 0.782 2.308 1.664 3.133 2.55 4.1 4.38 7.497 8.777 10.183 14.308 2.674 5.508 4.527 11.908 5.833 20.191 2.586 16.388 3.143 40.999 3.143 82.257 0 37.427 0.1 57.094 1.073 68.322 0.484 5.6 1.158 8.663 1.94 10.626 0.699 1.759 1.558 2.836 3.086 4.322 7.883 7.676 18.649 7.365 24.391 0.977l-0.002-0.002 0.118-0.122c1.595-1.658 3.115-4.309 4-14.598 0.878-10.224 1.071-26.791 1.071-55.121 0-37.522 0.918-60.361 5.096-76.103 2.133-8.031 5.138-14.348 9.35-19.899 4.173-5.5 9.377-10.045 15.608-14.688l0.059-0.043c6.288-4.543 11.764-7.519 20.693-9.866 8.645-2.274 20.561-3.968 39.666-6.177l0.024-0.004c59.658-6.617 94.127-14.301 135.361-29.995h0.004c12.948-4.913 22.518-8.59 29.67-11.88 7.198-3.31 11.425-6.008 14.033-8.749 2.416-2.54 3.682-5.378 4.273-9.669 0.626-4.551 0.451-10.374 0.067-18.8h-0.002l-0.002-0.102c-0.37-14.72-4.098-39.448-8.178-54.617l-0.006-0.020c-22.684-85.805-93.487-145.925-170.126-145.925-57.19 0-126.954 26.873-170.061 65.947l-0.024 0.021c-7.034 6.294-12.973 11.254-18.298 14.684-5.346 3.443-10.47 5.609-15.852 5.819-5.455 0.212-10.474-1.609-15.541-4.78-4.99-3.122-10.338-7.754-16.53-13.595zM101.985 147.886c-0.059-0.018-0.092-0.025-0.088-0.023s0.031 0.009 0.088 0.023zM288.414 275.113l-0.030-0.022c-39.43-29.249-82.464-50.7-120.386-60.115-17.377-4.183-39.523-7.658-57.69-9.44-9.094-0.892-17.060-1.347-22.866-1.276-2.928 0.035-5.126 0.205-6.582 0.465-0.229 0.039-0.422 0.079-0.581 0.116-1.553 3.062-3.21 8.464-4.731 15.882-1.656 8.072-3.045 17.965-4.053 28.579-2.020 21.272-2.472 45.019-0.622 62.308 10.103 93.621 50.828 172.739 129.012 247.765l0.016 0.014c61.666 59.676 138.415 106.21 225.386 135.534v0l0.069 0.026 27.579 9.763 27.983-9.781c81.357-27.871 161.158-74.441 219.020-128.581 39.885-37.368 60.444-62.854 86.745-107.849l0.020-0.032c8.137-13.686 19.306-38.502 27.957-60.55 4.315-10.994 7.948-21.163 10.236-28.778 0.821-2.739 1.447-5.075 1.871-6.961-1.337 0.349-2.897 0.786-4.655 1.306-6.414 1.902-15.13 4.819-24.537 8.3l-0.026 0.010c-38.004 13.828-94.952 26.098-140.851 30.194l-0.032 0.002c-0.687 0.057-1.359 0.112-2.020 0.167-10.34 0.849-17.542 1.441-22.896 2.846-5.313 1.394-8.058 3.401-9.937 6.914-2.148 4.017-3.434 10.492-4.061 21.646-0.579 10.299-0.577 23.869-0.575 42.031 0.002 1.262 0.002 2.548 0.002 3.858 0 35.121-0.457 55.853-3.072 69.878-1.331 7.14-3.249 12.731-6.040 17.711-2.771 4.943-6.278 9.056-10.482 13.342-7.517 7.893-15.047 13.596-23.469 17.292-8.444 3.704-17.495 5.262-27.869 5.262-16.014 0-29.674-3.178-41.072-10.14-11.418-6.973-20.157-17.493-26.736-31.468l-0.002-0.004c-3.35-7.136-5.256-13.936-6.331-27.656-1.061-13.525-1.343-34.135-1.343-68.992 0-28.993-0.286-49.193-0.989-62.625-0.352-6.729-0.805-11.624-1.351-15.025-0.272-1.701-0.551-2.914-0.811-3.74-0.177-0.565-0.303-0.811-0.329-0.861 0 0 0 0 0 0-0.030-0.033-0.23-0.246-0.74-0.648-0.532-0.419-1.254-0.931-2.176-1.528-1.845-1.195-4.297-2.611-7.215-4.169-5.823-3.104-13.273-6.642-20.941-9.921-32.197-13.438-74.644-37.26-100.401-56.35-9.464-7.003-30.677-22.493-47.374-34.684l-0.022-0.016zM79.664 205.019c-0.062 0.028-0.050 0.028 0.012-0.004l-0.012 0.004zM80.846 203.821l-0.035 0.059c0.012-0.020 0.024-0.039 0.035-0.059z"
        ],
        "attrs": [
          {
            "strokeLinejoin": "miter",
            "strokeLinecap": "butt",
            "strokeMiterlimit": "4",
            "strokeWidth": 9.846153846153847
          }
        ],
        "width": 906,
        "grid": 0,
        "tags": [
          "formula3"
        ],
        "colorPermutations": {
          "21220671225225225125416518712552552551": [
            {
              "s": 0
            }
          ]
        }
      },
      "attrs": [
        {
          "strokeLinejoin": "miter",
          "strokeLinecap": "butt",
          "strokeMiterlimit": "4",
          "strokeWidth": 9.846153846153847
        }
      ],
      "properties": {
        "order": 20,
        "id": 7,
        "name": "formula3",
        "prevSize": 32
      },
      "setIdx": 0,
      "setId": 2,
      "iconIdx": 12
    },
    {
      "icon": {
        "paths": [
          "M948.036 685.138c-41.343-14.664-76.22-10.994-103.752 0.58 4.626-28.072 15.049-58.622 37.425-79.383 13.799-12.798 14.606-34.357 1.806-48.155-12.79-13.795-34.353-14.604-48.155-1.806-39.332 36.485-54.579 87.949-59.967 130.593-10.24-4.596-21.539-8.106-33.851-9.966l60.486-314.546c1.921-9.986-0.717-20.302-7.193-28.137-6.472-7.838-16.103-12.374-26.272-12.374h-6.531c3-16.015 4.514-31.914 4.393-47.036-0.506-63.797-28.903-111.853-75.958-128.544-45.111-16.005-82.868-11.195-112.222 2.113 4.653-31.223 15.815-66.029 41.015-89.405 13.797-12.798 14.604-34.357 1.806-48.156-12.792-13.795-34.357-14.605-48.157-1.807-42.248 39.195-58.077 94.887-63.418 140.364-23.517-11.14-52.601-16.85-86.671-10.568-35.013-50.283-83.614-73.459-130.861-62.133-46.447 11.154-75.457 35.692-92.829 62.788-13.126-28.775-22.783-64.043-14.453-97.156 4.589-18.253-6.485-36.767-24.735-41.36-18.26-4.603-36.767 6.482-41.36 24.735-14.057 55.882 3.027 111.22 23.335 152.259-32.516 4.393-67.753 20.79-97.556 59.71-18.504 24.168-24.748 54.34-19.070 86.385-5.53 2.068-10.512 5.526-14.36 10.185-6.472 7.836-9.113 18.151-7.192 28.137l121.89 633.903c3.086 16.044 17.125 27.642 33.465 27.642h487.575c16.339 0 30.38-11.598 33.464-27.642l1.2-6.236c9.189 6.33 19.061 11.626 29.655 15.573 40.522 15.088 78.289 8.897 97.401 3.777 10.109 2.71 25.442 5.72 43.643 5.72 16.198 0 34.675-2.386 53.754-9.497 75.534-28.14 115.665-122.86 115.071-197.698-0.475-60.926-27.699-106.854-72.821-122.86zM725.58 390.095c-15.692 150.573-142.467 253.104-319.074 253.104s-303.384-102.533-319.075-253.104h638.149zM513.028 240.478c5.896 11.153 17.15 18.135 29.776 18.135s23.876-6.982 29.776-18.135c0.926-1.538 9.284-14.909 24.613-24.859 20.132-13.061 43.188-14.705 70.488-5.024 27.224 9.654 30.46 48.568 30.591 64.85 0.119 14.832-2.058 30.769-6.099 46.494h-228.020c7.541-38.064 3.013-79.737-9.245-117.398 12.050 0.701 23.163 4.375 33.499 11.078 15.335 9.949 23.687 23.316 24.621 24.859zM98.477 279.177c17.608-22.995 37.833-34.183 61.836-34.206h0.066c18.253 0 32.516 6.644 34.123 7.422 10.908 6.064 23.962 5.509 34.515-1.192 10.598-6.738 16.323-18.93 15.395-31.455-0.182-2.466-3.697-60.588 63.461-76.71 28.041-6.744 52.013 24.114 60.998 37.698 25.831 39.053 39.084 99.444 24.859 141.201h-299.162c-4.506-14.16-5.72-30.177 3.91-42.758zM187.248 955.847l-67.55-351.283c4.427 4.254 8.985 8.405 13.677 12.446 70.649 60.838 167.649 94.343 273.129 94.343 105.478 0 202.48-33.501 273.127-94.343 1.649-1.415 3.258-2.867 4.872-4.313l-13.801 71.784c-0.655 0.223-1.3 0.428-1.958 0.657-45.122 16.005-72.346 61.934-72.825 122.86-0.297 37.261 9.513 79.446 28.748 115.888l-6.144 31.961h-431.276zM881.996 941.832c-30.19 11.244-60.189 0.559-61.305 0.152-7.989-3.092-16.591-3.168-24.57-0.010-0.303 0.117-30.724 11.26-61.336-0.145-42.801-15.942-71.123-81.795-70.715-133.292 0.121-14.905 3.027-50.504 27.458-59.169 11.182-3.965 21.166-5.591 30.044-5.591 35.441 0 53.039 25.979 57.029 32.774 5.884 11.198 17.136 18.211 29.792 18.211 12.661 0 23.906-7.018 29.792-18.211 4.989-8.495 31.25-46.973 87.071-27.183 24.429 8.661 27.337 44.263 27.458 59.169 0.403 51.499-27.916 117.352-70.717 133.296z"
        ],
        "attrs": [],
        "grid": 0,
        "tags": [
          "formula2"
        ],
        "colorPermutations": {
          "21220671225225225125416518712552552551": []
        }
      },
      "attrs": [],
      "properties": {
        "order": 19,
        "id": 6,
        "name": "formula2",
        "prevSize": 32
      },
      "setIdx": 0,
      "setId": 2,
      "iconIdx": 13
    },
    {
      "icon": {
        "paths": [
          "M258.978 4.6c-11.198 6-17.682 18-17.682 32.2 0.197 26 6.681 49.8 19.646 70.4l5.698 9.4-10.805 12.2c-12.182 13.6-15.129 18.6-20.63 34.8-4.518 13.2-4.911 37.2-0.981 50.6 13.752 46 59.333 72.6 103.93 60.799 15.127-4 24.361-8.999 38.506-21l11.985-9.998 11.198 5.599c6.287 3.201 16.896 7.801 23.771 10.4l12.182 4.401v22.399c0 35.4 7.268 56.4 25.934 75.401 18.663 18.999 47.938 28.799 73.282 24.4 18.074-3.201 35.756-12.2 47.741-24.4 18.663-19.001 25.934-40.002 25.934-75.401v-22.399l12.376-4.401c6.681-2.599 17.289-7.199 23.577-10.4l11.198-5.599 11.985 9.998c14.146 12.001 23.378 17 38.506 21 44.597 11.801 90.178-14.799 103.93-60.799 3.93-13.4 3.537-37.4-0.983-50.6-5.501-16.2-8.448-21.2-20.627-34.8l-10.805-12.2 5.698-9.4c12.966-20.6 19.45-44.4 19.646-70.4 0-14.2-6.484-26.2-17.682-32.2l-8.448-4.6h-509.63l-8.448 4.6zM730.493 67.2c0 0.6-5.698 10-12.769 21.2-20.826 33-20.040 40.2 7.662 69.4 10.021 10.6 19.253 21.2 20.63 23.6 7.465 14.8-7.465 33.2-23.97 29.4-3.928-0.801-12.573-7.801-25.147-20.2-25.147-24.8-33.792-27.6-53.045-16.6-22.2 12.8-50.491 25.8-64.244 29.6-19.45 5.599-26.13 9.799-31.238 20.4-4.125 8.2-4.518 11.6-4.518 43.6 0 39.399-1.573 45.799-12.771 51.2-8.055 4-9.626 4-17.682 0-11.198-5.401-12.769-11.801-12.769-51.2 0-32-0.393-35.4-4.321-43.6-5.306-10.4-11.985-14.801-31.435-20.4-16.896-4.8-41.847-15.8-55.601-24.8-12.966-8.4-24.361-11.6-33.399-10-5.894 1.2-11.788 5.8-27.505 21.2-12.966 12.6-22.2 20-26.13 20.801-16.306 3.799-31.238-14.8-23.771-29.4 1.374-2.4 10.609-13 20.627-23.6 27.703-29.2 28.488-36.4 7.664-69.4-7.074-11.2-12.771-20.6-12.771-21.2 0-0.8 93.714-1.2 208.253-1.2 114.541 0 208.253 0.4 208.253 1.2z",
          "M199.841 422.601c-10.020 6.799-15.521 16.398-15.521 26.999 0 7.201 99.805 541.6 103.34 552.8 1.769 6.199 9.038 13.601 16.699 17.601 7.27 4 12.378 4 217.881 4s210.61 0 217.881-4c7.662-4 14.93-11.401 16.699-17.601 3.535-11.201 103.34-545.599 103.34-552.8 0-10.6-5.501-20.199-15.522-26.999l-6.679-4.6h-631.439l-6.68 4.6zM782.557 495.401c-1.966 15.999-13.361 50.799-21.809 66.599-41.060 75.999-118.862 122.2-215.325 127.601-72.888 4.2-134.578-10.6-186.249-44.601-29.862-19.599-54.815-46.399-72.495-78-9.824-17.4-22.79-54.798-24.756-71.598l-1.374-11.401h523.383l-1.374 11.401zM324.792 701.399c84.283 56.801 210.217 71.801 316.31 37.401 35.363-11.399 71.512-30.599 101.769-54 8.841-7 9.429-7 8.448-2.601-0.59 2.601-12.182 63.801-25.737 135.801s-24.951 132.999-25.541 135.399l-0.983 4.6h-353.636l-0.983-4.6c-0.59-2.4-11.985-63.4-25.541-135.399s-25.147-133.2-25.737-135.801c-0.981-4.399-0.393-4.399 8.448 2.601 5.11 4 15.718 11.399 23.183 16.599z"
        ],
        "attrs": [],
        "grid": 0,
        "tags": [
          "formula1"
        ],
        "colorPermutations": {
          "21220671225225225125416518712552552551": []
        }
      },
      "attrs": [],
      "properties": {
        "order": 18,
        "id": 5,
        "name": "formula1",
        "prevSize": 32
      },
      "setIdx": 0,
      "setId": 2,
      "iconIdx": 14
    },
    {
      "icon": {
        "paths": [
          "M165.526 102.4l453.393 409.6-453.393 409.6"
        ],
        "attrs": [
          {
            "fill": "none",
            "strokeLinejoin": "round",
            "strokeLinecap": "round",
            "strokeMiterlimit": "4",
            "strokeWidth": 204.8
          }
        ],
        "width": 819,
        "grid": 0,
        "tags": [
          "Vector3"
        ],
        "colorPermutations": {
          "21220671225225225125416518712552552551": [
            {
              "s": 0
            }
          ]
        }
      },
      "attrs": [
        {
          "fill": "none",
          "strokeLinejoin": "round",
          "strokeLinecap": "round",
          "strokeMiterlimit": "4",
          "strokeWidth": 204.8
        }
      ],
      "properties": {
        "order": 17,
        "id": 3,
        "name": "Vector3",
        "prevSize": 32
      },
      "setIdx": 0,
      "setId": 2,
      "iconIdx": 15
    },
    {
      "icon": {
        "paths": [
          "M2608.396 512c0 282.77-218.966 512-489.074 512s-489.074-229.23-489.074-512c0-282.77 218.966-512 489.074-512s489.074 229.23 489.074 512z",
          "M978.149 512c0 282.77-218.966 512-489.074 512s-489.074-229.23-489.074-512c0-282.77 218.966-512 489.074-512s489.074 229.23 489.074 512z",
          "M4238.655 512c0 282.77-218.966 512-489.074 512s-489.074-229.23-489.074-512c0-282.77 218.966-512 489.074-512s489.074 229.23 489.074 512z"
        ],
        "attrs": [],
        "width": 4267,
        "grid": 0,
        "tags": [
          "Group 4"
        ],
        "colorPermutations": {
          "21220671225225225125416518712552552551": []
        }
      },
      "attrs": [],
      "properties": {
        "order": 16,
        "id": 2,
        "name": "Group-4",
        "prevSize": 32
      },
      "setIdx": 0,
      "setId": 2,
      "iconIdx": 16
    },
    {
      "icon": {
        "paths": [
          "M1024 512c0 282.77-229.23 512-512 512s-512-229.23-512-512c0-282.77 229.23-512 512-512s512 229.23 512 512z"
        ],
        "attrs": [],
        "grid": 0,
        "tags": [
          "Ellipse 1"
        ],
        "colorPermutations": {
          "21220671225225225125416518712552552551": []
        }
      },
      "attrs": [],
      "properties": {
        "order": 15,
        "id": 1,
        "name": "Ellipse",
        "prevSize": 32
      },
      "setIdx": 0,
      "setId": 2,
      "iconIdx": 17
    }
  ],
  "height": 1024,
  "preferences": {
    "showGlyphs": true,
    "showQuickUse": true,
    "showQuickUse2": true,
    "showSVGs": true,
    "fontPref": {
      "prefix": "icon-",
      "metadata": {
        "fontFamily": "icomoon"
      },
      "metrics": {
        "emSize": 1024,
        "baseline": 6.25,
        "whitespace": 50
      },
      "embed": false
    },
    "imagePref": {
      "prefix": "icon-",
      "png": true,
      "useClassSelector": true,
      "color": 0,
      "bgColor": 16777215,
      "classSelector": ".icon",
      "name": "icomoon"
    },
    "historySize": 50,
    "showCodes": true,
    "gridSize": 16
  }
}